"","trigram","n.x","nusers.x","ntrigrams.x","unique_users.x","n.y","nusers.y","ntrigrams.y","unique_users.y","usage.x","usage.y","ratio"
"23","http magaimg.net img",83,18,5227938,548,0,0,5960469,599,5.57085558230432e-07,2.80086865950147e-10,1988.97422890793
"182","trump derangement syndrome",34,23,5227938,548,0,0,5960469,599,2.93202925384438e-07,2.80086865950147e-10,1046.82854153049
"252","the clinton foundation",28,18,5227938,548,0,0,5960469,599,1.92327157008125e-07,2.80086865950147e-10,686.669674265833
"43","red flag laws",65,25,5227938,548,1,1,5960469,599,5.98971690428209e-07,1.12034746380059e-09,534.630290853071
"420","the clinton campaign",22,15,5227938,548,0,0,5960469,599,1.28450805406516e-07,2.80086865950147e-10,458.610599146691
"441","evidence of collusion",21,15,5227938,548,0,0,5960469,599,1.22865987780145e-07,2.80086865950147e-10,438.671007879443
"584","colluded with russia",18,15,5227938,548,0,0,5960469,599,1.06111534901035e-07,2.80086865950147e-10,378.852234077701
"586","for free speech",18,15,5227938,548,0,0,5960469,599,1.06111534901035e-07,2.80086865950147e-10,378.852234077701
"396","alexandria ocasio cortez",22,11,5227938,548,0,0,5960469,599,9.63381040548867e-08,2.80086865950147e-10,343.957949360018
"427","trump colluded with",22,11,5227938,548,0,0,5960469,599,9.63381040548867e-08,2.80086865950147e-10,343.957949360018
"620","the russian collusion",18,13,5227938,548,0,0,5960469,599,9.28475930384053e-08,2.80086865950147e-10,331.495704817988
"797","gun free zone",15,15,5227938,548,0,0,5960469,599,8.93570820219239e-08,2.80086865950147e-10,319.033460275959
"187","free speech and",33,29,5227938,548,1,1,5960469,599,3.56032123681103e-07,1.12034746380059e-09,317.787235821756
"783","black people and",15,13,5227938,548,0,0,5960469,599,7.81874467691834e-08,2.80086865950147e-10,279.154277741464
"819","record low unemployment",15,13,5227938,548,0,0,5960469,599,7.81874467691834e-08,2.80086865950147e-10,279.154277741464
"62","the democrat party",55,34,5227938,548,2,2,5960469,599,6.84140159230355e-07,2.52078179355132e-09,271.399992248645
"658","illegal aliens are",17,11,5227938,548,0,0,5960469,599,7.53950379559983e-08,2.80086865950147e-10,269.18448210784
"668","of russian collusion",17,11,5227938,548,0,0,5960469,599,7.53950379559983e-08,2.80086865950147e-10,269.18448210784
"760","trump is guilty",16,11,5227938,548,0,0,5960469,599,7.12064247362206e-08,2.80086865950147e-10,254.229788657405
"991","hundreds of billions",13,13,5227938,548,0,0,5960469,599,6.84140159230355e-08,2.80086865950147e-10,244.259993023781
"916","self defense is",14,11,5227938,548,0,0,5960469,599,6.28291982966652e-08,2.80086865950147e-10,224.320401756533
"925","thanks for proving",14,11,5227938,548,0,0,5960469,599,6.28291982966652e-08,2.80086865950147e-10,224.320401756533
"2","orange man bad",235,137,5227938,548,17,10,5960469,599,1.13678962784766e-05,5.5457199458129e-08,204.985040527688
"284","build the wall",26,23,5227938,548,1,1,5960469,599,2.26185113867995e-07,1.12034746380059e-09,201.88836158088
"1103","left can't meme",12,11,5227938,548,0,0,5960469,599,5.44519718571099e-08,2.80086865950147e-10,194.411014855662
"1124","post on t_d",12,11,5227938,548,0,0,5960469,599,5.44519718571099e-08,2.80086865950147e-10,194.411014855662
"1164","a gun free",11,11,5227938,548,0,0,5960469,599,5.02633586373322e-08,2.80086865950147e-10,179.456321405227
"403","hate speech laws",22,16,5227938,548,1,1,5960469,599,1.36478980744423e-07,1.12034746380059e-09,121.81844039834
"477","a socialist country",20,17,5227938,548,1,1,5960469,599,1.31941316422997e-07,1.12034746380059e-09,117.76821092218
"463","the lolita express",21,16,5227938,548,1,1,5960469,599,1.30545112016404e-07,1.12034746380059e-09,116.521986467977
"502","the southern border",20,16,5227938,548,1,1,5960469,599,1.24611243288386e-07,1.12034746380059e-09,111.225532537615
"136","the russian government",39,18,5227938,548,2,2,5960469,599,2.65278837252587e-07,2.52078179355132e-09,105.23673168825
"110","the mainstream media",44,29,5227938,548,3,3,5960469,599,4.71218987224989e-07,4.48138985520235e-09,105.150188323375
"532","hate white people",19,14,5227938,548,1,1,5960469,599,1.04715330494442e-07,1.12034746380059e-09,93.4668340652223
"700","white supremacists and",17,13,5227938,548,1,1,5960469,599,8.79608776153314e-08,1.12034746380059e-09,78.5121406147867
"701","win in 2020",17,13,5227938,548,1,1,5960469,599,8.79608776153314e-08,1.12034746380059e-09,78.5121406147867
"236","www.reddit.com r the_donald",29,17,5227938,548,2,2,5960469,599,1.88487594889996e-07,2.52078179355132e-09,74.7734672521778
"758","the u s",16,13,5227938,548,1,1,5960469,599,8.30741621922574e-08,1.12034746380059e-09,74.1503550250763
"946","woke go broke",14,14,5227938,548,1,1,5960469,599,7.85364978708316e-08,1.12034746380059e-09,70.1001255489167
"779","an illegal alien",15,13,5227938,548,1,1,5960469,599,7.81874467691834e-08,1.12034746380059e-09,69.788569435366
"810","past 3 years",15,13,5227938,548,1,1,5960469,599,7.81874467691834e-08,1.12034746380059e-09,69.788569435366
"824","social justice warriors",15,13,5227938,548,1,1,5960469,599,7.81874467691834e-08,1.12034746380059e-09,69.788569435366
"714","an ad hominem",16,12,5227938,548,1,1,5960469,599,7.7140293464239e-08,1.12034746380059e-09,68.8539010947137
"756","the slippery slope",16,12,5227938,548,1,1,5960469,599,7.7140293464239e-08,1.12034746380059e-09,68.8539010947137
"853","a free speech",14,12,5227938,548,1,1,5960469,599,6.80649648213874e-08,1.12034746380059e-09,60.7534421423945
"865","bad orange man",14,12,5227938,548,1,1,5960469,599,6.80649648213874e-08,1.12034746380059e-09,60.7534421423945
"885","hold your breath",14,12,5227938,548,1,1,5960469,599,6.80649648213874e-08,1.12034746380059e-09,60.7534421423945
"982","facebook and twitter",13,12,5227938,548,1,1,5960469,599,6.35273004999615e-08,1.12034746380059e-09,56.7032126662348
"202","the washington post",32,21,5227938,548,3,3,5960469,599,2.5341109979655e-07,4.48138985520235e-09,56.5474346094595
"232","the fake news",29,23,5227938,548,3,3,5960469,599,2.51316793186661e-07,4.48138985520235e-09,56.0801004391334
"869","colluding with russia",14,11,5227938,548,1,1,5960469,599,6.28291982966652e-08,1.12034746380059e-09,56.0801004391334
"189","r the_donald comments",33,20,5227938,548,3,3,5960469,599,2.49222486576772e-07,4.48138985520235e-09,55.6127662688073
"315","gun free zones",25,14,5227938,548,2,2,5960469,599,1.36129929642775e-07,2.52078179355132e-09,54.0030596821284
"286","clump of cells",26,18,5227938,548,3,2,5960469,599,1.79063215145496e-07,3.36104239140176e-09,53.2760954171767
"1123","post history to",12,12,5227938,548,1,1,5960469,599,5.89896361785357e-08,1.12034746380059e-09,52.6529831900752
"1152","trump supporters and",12,12,5227938,548,1,1,5960469,599,5.89896361785357e-08,1.12034746380059e-09,52.6529831900752
"484","fake news is",20,17,5227938,548,2,2,5960469,599,1.31941316422997e-07,2.52078179355132e-09,52.3414270765245
"986","free healthcare for",13,11,5227938,548,1,1,5960469,599,5.86405850768876e-08,1.12034746380059e-09,52.3414270765245
"554","the federal reserve",19,17,5227938,548,2,2,5960469,599,1.25658396593331e-07,2.52078179355132e-09,49.8489781681186
"704","a constitutional republic",16,13,5227938,548,2,1,5960469,599,8.30741621922574e-08,1.68052119570088e-09,49.4335700167176
"470","to virtue signal",21,15,5227938,548,2,2,5960469,599,1.22865987780145e-07,2.52078179355132e-09,48.7412230977159
"1114","of american citizens",12,11,5227938,548,1,1,5960469,599,5.44519718571099e-08,1.12034746380059e-09,48.6027537139156
"1148","to self defense",12,11,5227938,548,1,1,5960469,599,5.44519718571099e-08,1.12034746380059e-09,48.6027537139156
"91","the trump campaign",47,26,5227938,548,5,5,5960469,599,4.5237022773599e-07,1.00831271742053e-08,44.8640803513067
"1227","trying to ban",11,11,5227938,548,1,1,5960469,599,5.02633586373322e-08,1.12034746380059e-09,44.8640803513067
"332","bill clinton is",24,20,5227938,548,3,3,5960469,599,1.83251828365274e-07,4.48138985520235e-09,40.8917399035347
"918","socialism and communism",14,12,5227938,548,2,1,5960469,599,6.80649648213874e-08,1.68052119570088e-09,40.5022947615963
"347","mar a lago",24,19,5227938,548,3,3,5960469,599,1.7452555082407e-07,4.48138985520235e-09,38.9445141938426
"754","the news media",16,15,5227938,548,2,2,5960469,599,9.49418996482941e-08,2.52078179355132e-09,37.6636723936896
"726","for hate speech",16,14,5227938,548,2,2,5960469,599,8.90080309202758e-08,2.52078179355132e-09,35.309692869084
"750","skin color and",16,14,5227938,548,2,2,5960469,599,8.90080309202758e-08,2.52078179355132e-09,35.309692869084
"480","calls to violence",20,11,5227938,548,2,2,5960469,599,8.79608776153314e-08,2.52078179355132e-09,34.894284717683
"163","is fake news",36,26,5227938,548,5,5,5960469,599,3.48702050546492e-07,1.00831271742053e-08,34.5827286041322
"508","trump supporters are",20,20,5227938,548,3,3,5960469,599,1.5393153582683e-07,4.48138985520235e-09,34.3490615189692
"85","donald trump is",48,30,5227938,548,7,6,5960469,599,5.30208623403525e-07,1.56848644932082e-08,33.8038383202554
"761","trump will win",16,13,5227938,548,2,2,5960469,599,8.30741621922574e-08,2.52078179355132e-09,32.9557133444784
"553","the country illegally",19,18,5227938,548,3,3,5960469,599,1.32639418626293e-07,4.48138985520235e-09,29.5978307873204
"180","the border illegally",34,26,5227938,548,7,4,5960469,599,3.29853291057493e-07,1.12034746380059e-08,29.442052730545
"451","on r politics",21,16,5227938,548,3,3,5960469,599,1.30545112016404e-07,4.48138985520235e-09,29.1304966169943
"890","in climate change",14,13,5227938,548,2,2,5960469,599,7.33007313461095e-08,2.52078179355132e-09,29.0785705980692
"850","you’re an idiot",15,12,5227938,548,2,2,5960469,599,7.26026291428132e-08,2.52078179355132e-09,28.8016318304685
"461","the climate change",21,15,5227938,548,3,3,5960469,599,1.22865987780145e-07,4.48138985520235e-09,27.4169379924652
"1017","of hate speech",13,13,5227938,548,2,2,5960469,599,6.84140159230355e-08,2.52078179355132e-09,27.1399992248645
"870","collusion no obstruction",14,12,5227938,548,2,2,5960469,599,6.80649648213874e-08,2.52078179355132e-09,27.0015298410642
"899","mentally ill and",14,12,5227938,548,2,2,5960469,599,6.80649648213874e-08,2.52078179355132e-09,27.0015298410642
"497","of mass shootings",20,15,5227938,548,3,3,5960469,599,1.17281170153775e-07,4.48138985520235e-09,26.1707135382622
"149","china and india",37,22,5227938,548,6,5,5960469,599,3.05070662840475e-07,1.17636483699062e-08,25.9333374517474
"170","crossing the border",35,23,5227938,548,6,5,5960469,599,3.01580151823993e-07,1.17636483699062e-08,25.6366173436038
"188","people of color",33,23,5227938,548,7,4,5960469,599,2.84825698944882e-07,1.12034746380059e-08,25.4229788657405
"990","house and senate",13,12,5227938,548,2,2,5960469,599,6.35273004999615e-08,2.52078179355132e-09,25.2014278516599
"1018","of illegal immigration",13,12,5227938,548,2,2,5960469,599,6.35273004999615e-08,2.52078179355132e-09,25.2014278516599
"940","universal basic income",14,11,5227938,548,2,2,5960469,599,6.28291982966652e-08,2.52078179355132e-09,24.9244890840593
"460","the 9 11",21,13,5227938,548,3,3,5960469,599,1.07507739307627e-07,4.48138985520235e-09,23.9898207434071
"587","free speech is",18,15,5227938,548,3,3,5960469,599,1.06111534901035e-07,4.48138985520235e-09,23.6782646298563
"1089","fine people on",12,12,5227938,548,2,2,5960469,599,5.89896361785357e-08,2.52078179355132e-09,23.4013258622557
"212","a hate crime",30,20,5227938,548,6,4,5960469,599,2.27232267172939e-07,9.80304030825513e-09,23.1797748481751
"574","a white nationalist",18,14,5227938,548,3,3,5960469,599,9.947956396972e-08,4.48138985520235e-09,22.1983730904903
"1076","black on black",12,11,5227938,548,2,2,5960469,599,5.44519718571099e-08,2.52078179355132e-09,21.6012238728514
"767","type of shit",16,15,5227938,548,3,3,5960469,599,9.49418996482941e-08,4.48138985520235e-09,21.1858157214504
"576","against white people",18,16,5227938,548,4,3,5960469,599,1.12743505832349e-07,5.60173731900293e-09,20.1265249353779
"546","religion of peace",19,15,5227938,548,4,3,5960469,599,1.11696352527405e-07,5.60173731900293e-09,19.9395912672474
"1200","learn to code",11,11,5227938,548,2,2,5960469,599,5.02633586373322e-08,2.52078179355132e-09,19.9395912672474
"1223","tooth and nail",11,11,5227938,548,2,2,5960469,599,5.02633586373322e-08,2.52078179355132e-09,19.9395912672474
"650","donald j trump",17,13,5227938,548,3,3,5960469,599,8.79608776153314e-08,4.48138985520235e-09,19.6280351536967
"151","great leap forward",37,11,5227938,548,5,4,5960469,599,1.59167302351552e-07,8.4026059785044e-09,18.9426117038851
"594","illegal immigration is",18,15,5227938,548,4,3,5960469,599,1.06111534901035e-07,5.60173731900293e-09,18.942611703885
"133","law abiding citizens",39,29,5227938,548,8,8,5960469,599,4.18861321977768e-07,2.26870361419619e-08,18.4625845067106
"75","new york times",51,24,5227938,548,9,8,5960469,599,4.53766432142582e-07,2.52078179355132e-08,18.0010198940428
"354","the tax cuts",24,19,5227938,548,6,4,5960469,599,1.7452555082407e-07,9.80304030825513e-09,17.8032064886138
"945","with north korea",14,14,5227938,548,3,3,5960469,599,7.85364978708316e-08,4.48138985520235e-09,17.5250313872292
"729","gun control laws",16,12,5227938,548,3,3,5960469,599,7.7140293464239e-08,4.48138985520235e-09,17.2134752736784
"647","civil rights act",17,14,5227938,548,4,3,5960469,599,9.42437974449979e-08,5.60173731900293e-09,16.82403013174
"689","threats of violence",17,11,5227938,548,3,3,5960469,599,7.53950379559983e-08,4.48138985520235e-09,16.82403013174
"350","president trump is",24,18,5227938,548,5,5,5960469,599,1.65799273282867e-07,1.00831271742053e-08,16.4432393262891
"914","rules for thee",14,13,5227938,548,3,3,5960469,599,7.33007313461095e-08,4.48138985520235e-09,16.3566959614139
"92","committed a crime",45,22,5227938,548,8,8,5960469,599,3.69296065543732e-07,2.26870361419619e-08,16.2778453400832
"624","trump supporter and",18,16,5227938,548,4,4,5960469,599,1.12743505832349e-07,7.00217164875367e-09,16.1012199483023
"746","person of color",16,11,5227938,548,3,3,5960469,599,7.12064247362206e-08,4.48138985520235e-09,15.8893617910878
"310","a public forum",25,11,5227938,548,4,4,5960469,599,1.0890394371422e-07,7.00217164875367e-09,15.552881188453
"454","r politics is",21,19,5227938,548,5,5,5960469,599,1.53582484725182e-07,1.00831271742053e-08,15.2316322180362
"140","bill of rights",38,30,5227938,548,10,8,5960469,599,4.22002781892602e-07,2.77285997290645e-08,15.2190440922362
"685","the white people",17,12,5227938,548,4,3,5960469,599,8.16779577856648e-08,5.60173731900293e-09,14.5808261141747
"34","the 2nd amendment",71,45,5227938,548,18,14,5960469,599,1.15605724865864e-06,7.98247567957918e-08,14.4824399730534
"698","white people and",17,15,5227938,548,4,4,5960469,599,1.00526717274664e-07,7.00217164875367e-09,14.3565057124181
"585","direct result of",18,17,5227938,548,5,4,5960469,599,1.19375476763664e-07,8.4026059785044e-09,14.2069587779138
"1019","of white supremacy",13,12,5227938,548,3,3,5960469,599,6.35273004999615e-08,4.48138985520235e-09,14.1758031665587
"239","a free pass",28,24,5227938,548,7,7,5960469,599,2.53062048694902e-07,1.79255594208094e-08,14.1173863952679
"910","rape and murder",14,11,5227938,548,3,3,5960469,599,6.28291982966652e-08,4.48138985520235e-09,14.0200251097833
"173","the obama administration",35,30,5227938,548,9,9,5960469,599,3.89541029439325e-07,2.80086865950147e-08,13.9078649089051
"109","the 2016 election",44,37,5227938,548,13,10,5960469,599,5.9687738381832e-07,4.31333773563226e-08,13.8379468616043
"692","trump won the",17,14,5227938,548,4,4,5960469,599,9.42437974449979e-08,7.00217164875367e-09,13.459224105392
"1139","the biggest threat",12,12,5227938,548,3,3,5960469,599,5.89896361785357e-08,4.48138985520235e-09,13.1632457975188
"974","crossed the line",13,11,5227938,548,3,3,5960469,599,5.86405850768876e-08,4.48138985520235e-09,13.0853567691311
"408","in human history",22,18,5227938,548,6,5,5960469,599,1.52535331420237e-07,1.17636483699062e-08,12.9666687258737
"1134","save the planet",12,11,5227938,548,4,2,5960469,599,5.44519718571099e-08,4.2013029892522e-09,12.9607343237108
"51","a white supremacist",60,35,5227938,548,17,11,5960469,599,7.66516219219316e-07,6.04987630452317e-08,12.6699486177301
"883","free health care",14,12,5227938,548,4,3,5960469,599,6.80649648213874e-08,5.60173731900293e-09,12.1506884284789
"1086","federal government to",12,11,5227938,548,3,3,5960469,599,5.44519718571099e-08,4.48138985520235e-09,12.1506884284789
"818","putting words in",15,14,5227938,548,4,4,5960469,599,8.37722643955537e-08,7.00217164875367e-09,11.9637547603485
"820","rest of reddit",15,14,5227938,548,4,4,5960469,599,8.37722643955537e-08,7.00217164875367e-09,11.9637547603485
"848","voted for obama",15,14,5227938,548,4,4,5960469,599,8.37722643955537e-08,7.00217164875367e-09,11.9637547603485
"63","white people are",55,37,5227938,548,15,13,5960469,599,7.42780744307242e-07,6.27394579728329e-08,11.8391323149282
"158","the founding fathers",37,31,5227938,548,12,9,5960469,599,4.24446139604139e-07,3.64112925735191e-08,11.6569918177754
"254","the left wing",28,22,5227938,548,8,7,5960469,599,2.3281708479931e-07,2.01662543484106e-08,11.5448848743525
"128","means of production",40,26,5227938,548,11,9,5960469,599,3.86399569524491e-07,3.36104239140176e-08,11.4964205900223
"50","the popular vote",61,38,5227938,548,21,11,5960469,599,8.44005563785203e-07,7.39429326108387e-08,11.4142830691771
"145","nobel peace prize",38,12,5227938,548,7,6,5960469,599,1.76968908535607e-07,1.56848644932082e-08,11.282782112159
"1206","past few weeks",11,11,5227938,548,3,3,5960469,599,5.02633586373322e-08,4.48138985520235e-09,11.2160200878267
"1213","starving to death",11,11,5227938,548,3,3,5960469,599,5.02633586373322e-08,4.48138985520235e-09,11.2160200878267
"781","are mentally ill",15,13,5227938,548,4,4,5960469,599,7.81874467691834e-08,7.00217164875367e-09,11.1661711096586
"821","shit load of",15,13,5227938,548,4,4,5960469,599,7.81874467691834e-08,7.00217164875367e-09,11.1661711096586
"452","people in charge",21,16,5227938,548,6,5,5960469,599,1.30545112016404e-07,1.17636483699062e-08,11.0973320445692
"465","the mueller investigation",21,18,5227938,548,6,6,5960469,599,1.45903360488923e-07,1.37242564315572e-08,10.6310575889151
"705","a direct result",16,14,5227938,548,5,4,5960469,599,8.90080309202758e-08,8.4026059785044e-09,10.5929078607252
"425","the past 3",22,17,5227938,548,6,6,5960469,599,1.4450715608233e-07,1.37242564315572e-08,10.5293249804087
"165","of black people",36,24,5227938,548,10,9,5960469,599,3.2287226902453e-07,3.08095552545161e-08,10.4796147285249
"526","don’t believe in",19,14,5227938,548,5,5,5960469,599,1.04715330494442e-07,1.00831271742053e-08,10.3852037850247
"809","on 9 11",15,12,5227938,548,4,4,5960469,599,7.26026291428132e-08,7.00217164875367e-09,10.3685874589687
"419","the american flag",22,19,5227938,548,7,6,5960469,599,1.60563506758145e-07,1.56848644932082e-08,10.2368437309529
"473","a 3rd party",20,18,5227938,548,6,6,5960469,599,1.39271389557608e-07,1.37242564315572e-08,10.1478276985098
"720","changed my mind",16,16,5227938,548,5,5,5960469,599,1.00875768376313e-07,1.00831271742053e-08,10.0044129795738
"475","a left wing",20,15,5227938,548,6,5,5960469,599,1.17281170153775e-07,1.17636483699062e-08,9.96979563362371
"488","in american history",20,15,5227938,548,6,5,5960469,599,1.17281170153775e-07,1.17636483699062e-08,9.96979563362371
"234","tried to kill",29,16,5227938,548,7,7,5960469,599,1.78016061840552e-07,1.79255594208094e-08,9.93085111942987
"579","based on race",18,14,5227938,548,5,5,5960469,599,9.947956396972e-08,1.00831271742053e-08,9.86594359577346
"975","day and night",13,13,5227938,548,4,4,5960469,599,6.84140159230355e-08,7.00217164875367e-09,9.77039972095124
"168","black people are",35,30,5227938,548,12,10,5960469,599,3.89541029439325e-07,4.0052421830871e-08,9.72577965657698
"1081","called a racist",12,11,5227938,548,4,3,5960469,599,5.44519718571099e-08,5.60173731900293e-09,9.72055074278312
"1113","north and south",12,11,5227938,548,4,3,5960469,599,5.44519718571099e-08,5.60173731900293e-09,9.72055074278312
"538","mark my words",19,18,5227938,548,6,6,5960469,599,1.32639418626293e-07,1.37242564315572e-08,9.66459780810462
"177","an echo chamber",34,30,5227938,548,13,9,5960469,599,3.78720445288232e-07,3.92121612330205e-08,9.65823952007297
"479","all white people",20,17,5227938,548,6,6,5960469,599,1.31941316422997e-07,1.37242564315572e-08,9.61373150385143
"490","kids in cages",20,17,5227938,548,6,6,5960469,599,1.31941316422997e-07,1.37242564315572e-08,9.61373150385143
"328","a background check",24,14,5227938,548,6,6,5960469,599,1.30894163118053e-07,1.37242564315572e-08,9.53743204747166
"250","the black community",28,20,5227938,548,8,8,5960469,599,2.12572120903717e-07,2.26870361419619e-08,9.36976163715562
"127","ha ha ha",40,13,5227938,548,10,6,5960469,599,2.00355332346033e-07,2.15666886781613e-08,9.29003684042209
"601","margin of error",18,13,5227938,548,5,5,5960469,599,9.28475930384053e-08,1.00831271742053e-08,9.2082140227219
"204","cross the border",31,26,5227938,548,12,8,5960469,599,3.01580151823993e-07,3.27701633161672e-08,9.20288827719112
"719","change their minds",16,12,5227938,548,5,4,5960469,599,7.7140293464239e-08,8.4026059785044e-09,9.18052014596183
"194","a red flag",32,26,5227938,548,10,10,5960469,599,3.11004531568493e-07,3.38905107799678e-08,9.17674370822182
"392","world of warcraft",23,14,5227938,548,6,6,5960469,599,1.25658396593331e-07,1.37242564315572e-08,9.1559347655728
"1009","law enforcement and",13,12,5227938,548,4,4,5960469,599,6.35273004999615e-08,7.00217164875367e-09,9.07251402659758
"1033","supreme court justice",13,12,5227938,548,4,4,5960469,599,6.35273004999615e-08,7.00217164875367e-09,9.07251402659758
"319","middle east and",25,19,5227938,548,8,7,5960469,599,1.81506572857033e-07,2.01662543484106e-08,9.0005099470214
"1210","sort by controversial",11,11,5227938,548,4,3,5960469,599,5.02633586373322e-08,5.60173731900293e-09,8.97281607026134
"721","doesn’t change the",16,14,5227938,548,5,5,5960469,599,8.90080309202758e-08,1.00831271742053e-08,8.82742321727099
"134","of free speech",39,26,5227938,548,12,11,5960469,599,3.76975189779992e-07,4.36935510882229e-08,8.62770775986668
"474","a dumpster fire",20,20,5227938,548,7,7,5960469,599,1.5393153582683e-07,1.79255594208094e-08,8.5872653797423
"549","that black people",19,11,5227938,548,6,4,5960469,599,8.37722643955537e-08,9.80304030825513e-09,8.54553911453461
"632","a free market",17,15,5227938,548,6,5,5960469,599,1.00526717274664e-07,1.17636483699062e-08,8.54553911453461
"261","a conspiracy theory",27,23,5227938,548,10,8,5960469,599,2.3456234030755e-07,2.77285997290645e-08,8.45922053762012
"1084","don’t be surprised",12,12,5227938,548,4,4,5960469,599,5.89896361785357e-08,7.00217164875367e-09,8.42447731041204
"1026","read the entire",13,11,5227938,548,4,4,5960469,599,5.86405850768876e-08,7.00217164875367e-09,8.37462833224392
"1037","the 50 s",13,11,5227938,548,4,4,5960469,599,5.86405850768876e-08,7.00217164875367e-09,8.37462833224392
"263","a white guy",27,25,5227938,548,10,9,5960469,599,2.54109201999846e-07,3.08095552545161e-08,8.24774002417962
"706","a double standard",16,13,5227938,548,5,5,5960469,599,8.30741621922574e-08,1.00831271742053e-08,8.23892833611959
"772","your safe space",16,13,5227938,548,5,5,5960469,599,8.30741621922574e-08,1.00831271742053e-08,8.23892833611959
"308","www.dailymail.co.uk news article",26,23,5227938,548,10,8,5960469,599,2.26185113867995e-07,2.77285997290645e-08,8.1571055184194
"984","forgot the s",13,13,5227938,548,5,4,5960469,599,6.84140159230355e-08,8.4026059785044e-09,8.14199976745937
"987","good luck finding",13,13,5227938,548,5,4,5960469,599,6.84140159230355e-08,8.4026059785044e-09,8.14199976745937
